1;Accesorios
2;Accesorios Armarios Rack
3;Accesorios Automóvil
4;Accesorios de Ventiladores
5;Accesorios Discos Duros
6;Accesorios Gps
7;Accesorios iPad
8;Accesorios iPhone
9;Accesorios iPhone 5
10;Accesorios LG Optimus L5 II
11;Accesorios Libros Electrónicos
12;Accesorios Mac
13;Accesorios MP3
14;Accesorios Nintendo DS/3DS
15;Accesorios Nintendo Wii
16;Accesorios para Tablets
17;Accesorios Portatiles
18;Accesorios PS Vita
19;Accesorios PS3
20;Accesorios PSP
21;Accesorios Smartphone
22;Accesorios Smartphone Universales
23;Accesorios Torres
24;Adaptadores Audio
25;Adaptadores Gamepads / Joysticks
26;Adaptadores USB Red
27;Adaptadores Varios
28;Adaptadores Video
29;Ahorro energético
30;Alfombrillas
31;Alimentación Mechero Coche
32;Altavoces
33;Altavoces iPhone
34;Altavoces TV/Barras Sonido
35;Android/Smart TV
36;Antenas
37;Armario Rack
38;Artículos de Limpieza
39;Audio/Vídeo Inalámbrico
40;Auriculares
41;Auriculares iPod/iPhone
42;Barebones
43;Baterías de Portátiles
44;Bluetooth
45;Brother Compatible
46;Brother Original
47;Cable WiFi Coaxial
48;Cables ATA
49;Cables Audio/Vídeo
50;Cables Cargadores iPhone
51;Cables de Alimentación
52;Cables de red
53;Cables DisplayPort
54;Cables Duplicadores VGA/DVI/HDMI
55;Cables DVI
56;Cables Firewire
57;Cables HDMI
58;Cables Internos de PC
59;Cables para Tablets
60;Cables Serial ATA
61;Cables Serie/Paralelo
62;Cables USB
63;Cables VGA
64;Cables/Cargadores iPad
65;Cajas/Carcasas Externas
66;Cajas/Carcasas Externas Multimedia
67;Cámaras Digitales
68;Cámaras IP
69;Canon Compatible
70;Canon Original
71;Car Audio
72;Cargadores Apple
73;Cargadores para Tablets
74;Cargadores Universales
75;CD/DVD
76;Componentes TPV
77;Conexiones USB
78;Consumibles Impresoras 3D
79;Cuidado Personal
80;Destructoras Papel
81;Discos Duros 2.5 (Portatiles)
82;Discos Duros 3.5 ATA
83;Discos Duros 3.5 SATA
84;Discos Duros Externos
85;Discos Duros Multimedia
86;Discos Duros SSD
87;Discos duros/Carcasas de Red/NAS
88;Disqueteras
89;Edición/Captura Vídeo
90;Electro Hogar
91;Epson Compatible
92;Epson Original
93;Escaners
94;Frontales
95;Fuentes Alimentación
96;Fundas iPad
97;Fundas iPad Mini
98;Fundas iPhone 3G/3GS
99;Fundas iPhone 4/4S
100;Fundas iPhone 5
101;Fundas para Tablets
102;Fundas/Bolsos Cámaras Foto/Vídeo
103;Gadgets
104;Gafas 3D
105;Gamepads
106;GPS Automoción
107;Grabadoras DVD/Blu Ray
108;Herramientas y Útiles de montaje
109;Home Cinema
110;HP Original
111;Hubs/Switchs
112;Iluminacion
113;Iluminación Hogar
114;Iluminación LED
115;Impresoras
116;Insonorización
117;Joysticks
118;Juegos Nintendo 3DS
119;Juegos Nintendo Wii
120;Juegos Para PC
121;Juegos PS3
122;KVM Switchs y cables
123;Libros Electrónicos E-Books
124;Mac Mini
125;Maletines/Bolsos
126;Maletines/Bolsos MacBook
127;Mandos a Distancia
128;Mandos a distancia Mediacenter
129;Mandos Nintendo Wii
130;Mandos PS3
131;Marcos Digitales
132;Material de Oficina
133;Memorias Compact Flash
134;Memorias DDR
135;Memorias DDR2
136;Memorias DDR3 1333
137;Memorias DDR3 1600
138;Memorias DDR3 1866
139;Memorias DDR3 2133
140;Memorias DDR3 2400
141;Memorias DDR3 > 2400
142;Memorias MicroSD/MicroSDHC
143;Memorias SD/SDHC
144;Memorias So-Dimm
145;Memorias SO-Dimm DDR
146;Memorias SO-Dimm DDR2
147;Memorias SO-Dimm DDR3
148;Memorias Sony Memory Stick
149;Memorias USB Pendrive
150;Mesas de mezclas
151;Micro Cadenas/Hi-Fi
152;Micrófonos
153;Mini PCs
154;Monitores
155;Multifunciones
156;Multilectores
157;Netbooks
158;Ordenadores Sobremesa
159;Ordenadores Todo en uno
160;Organización
161;Otros
162;Otros Accesorios para Tablets
163;Paneles de Parcheo
164;Pantallas de Proyección
165;Papel para impresora
166;Pasta térmica
167;Peluches/Figuras de Cine
168;Peluches/Figuras de TV
169;Peluches/Figuras de Videojuegos
170;Pen Stylus
171;Personalización iPad
172;Personalización iPhone
173;Personalización Mac
174;Pilas y Baterías
175;Placas Base AMD Socket 462 / A
176;Placas Base AMD Socket AM3
177;Placas Base AMD Socket FM1
178;Placas Base AMD Socket FM2
179;Placas Base CPU Integrada
180;Placas Base Intel Socket 1150
181;Placas Base Intel Socket 1155
182;Placas Base Intel Socket 2011
183;Placas Base Intel Socket 478
184;Placas Base Intel Socket 775
185;Portátiles
186;Presentadores Multimedia
187;Procesadores AMD Socket AM2/AM3
188;Procesadores AMD Socket FM1
189;Procesadores AMD Socket FM2
190;Procesadores Intel Socket 1150
191;Procesadores Intel Socket 1155
192;Procesadores Intel Socket 2011
193;Promociones y otros servicios
194;Protectores de Pantalla
195;Proyectores
196;Puntos de Acceso
197;Ratones
198;Redes Home Plug
199;Refrigeración Líquida
200;Regletas
201;Rejillas
202;Reproductores Blu-Ray
203;Reproductores DVD/DivX
204;Reproductores MP3/MP4
205;Reproductores Multimedia
206;Reproductores Portátiles
207;Repuestos/Reparación iPad
208;Repuestos/Reparación iPhone
209;Robots Aspiradoras
210;Routers
211;Sais
212;Seguridad y Vigilancia
213;Servidores Impresión
214;Sillas de oficina
215;Sintonizadoras Externas
216;Sintonizadoras Internas
217;Sistemas Operativos
218;Smartphone/Moviles
219;Software
220;Software Aplicaciones
221;Software Multimedia
222;Software TPV
223;Soportes
224;Soportes iPad
225;Soportes IPhone
226;Soportes para Tablets
227;Tabletas Digitales
228;Tablets
229;Tarjetas de Red
230;Tarjetas Gráficas AMD AGP
231;Tarjetas Gráficas AMD PCI Express
232;Tarjetas Gráficas Nvidia AGP
233;Tarjetas Gráficas Nvidia PCI Express
234;Tarjetas PCI
235;Tarjetas PCI Express
236;Tarjetas Sonido
237;TDT
238;Teclados
239;Teléfonos Inalámbricos
240;Televisores
241;Tinta OKI
242;Tinta Panasonic
243;Tinta Samsung
244;Tinta Samsung Original
245;Toner Compatible
246;Toner Original
247;Torres ATX
248;Trípodes
249;TV Satélite
250;Varios
251;Varios Electro-Hogar
252;Ventiladores Chipset
253;Ventiladores CPU
254;Ventiladores Disco Duro
255;Ventiladores Memoria
256;Ventiladores para Portátiles
257;Ventiladores Suplementarios 120x120
258;Ventiladores Suplementarios 80x80
259;Ventiladores Suplementarios Otras Medidas
260;Ventiladores VGA
261;Videocamaras
262;Videoconsolas Nintendo DS/3DS
263;Videoconsolas Nintendo Wii
264;Videoconsolas PS Vita
265;Videoconsolas PS3
266;Videoconsolas PS4
267;Volantes
268;Volantes PS3
269;Webcam
270;Xbox 360 Accesorios
271;Xbox 360 Baterías y cargadores
272;Xbox 360 Consola
273;Xbox 360 Juegos
274;Xbox 360 Mandos
