Altavoces;
Consumibles;
Cámaras;
Discos Duros;
Escaners;
Fuentes alimentacion;
DVD;
GPS;
Impresoras;
Juegos;
Ebooks;
Marcos Digitales;
Memorias RAM;
Memorias Flash;
Micrófono Auricular;
MP3;
Modding;
Monitores;
Multifunciones;
Multilectores;
Ordenadores;
Portátiles;
Placas Base Intel;
Placas Base AMD;
Procesadores;
Proyectores;
Ratones;
Redes;
Reproductores Domésticos;
Sais;
Salud Deporte;
Software;
Sonido;
Tablet;
Tabletas Digitales;
Tarjetas Gráficas;
Tarjetas TV TDT;
Teclados;
Televisores;
Telefonía;
Tintas;
Torres;
TPVs;
Ventiladores;
Webcam;
